species,chromosome_number
Albuli_Astragalus_albulus_P068_WB07,11
Ampularii_Astragalus_ampullarius_P067_WE01,NA
Anemophili_Astragalus_anemophilus_P026_WA06,NA
Anemophili_Astragalus_harrisonii_P072_WE09,NA
Anemophili_Astragalus_miguelensis_P024_WC09,NA
Argophylii_Astragalus_amphioxys_P068_WD03,11
Argophylii_Astragalus_anisus_P067_WF09,NA
Argophylii_Astragalus_anserinus_P067_WA04,NA
Argophylii_Astragalus_argophyllus_P069_WD10,NA
Argophylii_Astragalus_callithrix_P064_WE04,NA
Argophylii_Astragalus_castaneiformis_P068_WD11,NA
Argophylii_Astragalus_chamaeleuce_P065_WB03,11
Argophylii_Astragalus_coccineus_P073_WE07,NA
Argophylii_Astragalus_columbianus_P073_WB08,NA
Argophylii_Astragalus_consobrinus_P073_WB04,NA
Argophylii_Astragalus_cyaneus_P072_WF08,11
Argophylii_Astragalus_cymboides_P072_WE08,NA
Argophylii_Astragalus_desereticus_P072_WB12,NA
Argophylii_Astragalus_eurekensis_P072_WA11,NA
Argophylii_Astragalus_eurylobus_P071_WG03,NA
Argophylii_Astragalus_feensis_P071_WG06,NA
Argophylii_Astragalus_funereus_P072_WH03,NA
Argophylii_Astragalus_holmgreniorum_P073_WG12,11
Argophylii_Astragalus_inflexus_P073_WH03,11
Argophylii_Astragalus_iodopetalus_P114_WC08,NA
Argophylii_Astragalus_leucolobus_P066_WA04,NA
Argophylii_Astragalus_loanus_P067_WA07,NA
Argophylii_Astragalus_missouriensis_P024_WC03,11
Argophylii_Astragalus_musiniensis_P068_WD12,NA
Argophylii_Astragalus_neomexicanus_P111_WG12,11
Argophylii_Astragalus_newberryi_P070_WA10,NA
Argophylii_Astragalus_nudisiliquus_P065_WH11,NA
Argophylii_Astragalus_parryi_P067_WH06,NA
Argophylii_Astragalus_phoenix_P072_WG12,NA
Argophylii_Astragalus_piscator_P074_WE01,NA
Argophylii_Astragalus_piutensis_P114_WC10,NA
Argophylii_Astragalus_purshii_P010_WB11,11
Argophylii_Astragalus_shortianus_P008_WH07,NA
Argophylii_Astragalus_subvestitus_P009_WG06,NA
Argophylii_Astragalus_tephrodes_P029_WA11,11
Argophylii_Astragalus_tidestromii_P007_WG11,NA
Argophylii_Astragalus_uncialis_P008_WG05,NA
Argophylii_Astragalus_utahensis_P027_WE10,NA
Argophylii_Astragalus_waterfallii_P008_WB05,11
Argophylii_Astragalus_welshii_P111_WG02,NA
Argophylii_Astragalus_zionis_P117_WC05,NA
Astragalus_adpressipilosus_P072_WF03,NA
Astragalus_brandegei_P070_WA11,11
Astragalus_clusii_P074_WH05,8
Astragalus_corrugatus_P014_WD12,12
Astragalus_diminutivus_P066_WG12,NA
Astragalus_edmondstonei_P040_WB04,11
Astragalus_harbisonii_P026_WA08,NA
Astragalus_josephi_P010_WD12,NA
Astragalus_karakuschensis_P073_WH07,NA
Astragalus_mesites_P070_WC06,NA
Astragalus_noziensis_P072_WG09,NA
Astragalus_pachyrachis_P063_WG08,NA
Astragalus_piletocladus_P063_WE06,NA
Astragalus_pseudoparrowianus_P117_WF07,NA
Astragalus_shultziorum_P009_WD03,NA
Astragalus_xiphidioides_P007_WH07,8
Atrati_Astragalus_atratus_P068_WE12,NA
Atrati_Astragalus_salmonis_P008_WH02,NA
Bicristati_Astragalus_bicristatus_P070_WF03,NA
Bicristati_Astragalus_webberi_P008_WB04,NA
Bisulcati_Astragalus_bisulcatus_P028_WA04,12
Bisulcati_Astragalus_racemosus_P029_WB09,11
Brauntoniani_Astragalus_brauntonii_P066_WG02,NA
Camptopodes_Astragalus_camptopus_P070_WA09,NA
Carmichaelia_violacea_P021_WE12,NA
Chaetodontes_Astragalus_andersonii_P065_WA07,12
Chaetodontes_Astragalus_caricinus_P066_WF10,NA
Chaetodontes_Astragalus_lemmonii_P065_WG02,NA
Chaetodontes_Astragalus_lentiformis_P028_WF11,NA
Chaetodontes_Astragalus_lyallii_P008_WA03,NA
Chaetodontes_Astragalus_sepultipes_P009_WB12,NA
Chaetodontes_Astragalus_spaldingii_P008_WH10,NA
Chaetodontes_Astragalus_tyghensis_P008_WD11,NA
Circumdati_Astragalus_circumdatus_P026_WA02,NA
Clianthus_puniceus_P014_WD03,16
Collini_Astragalus_collinus_P073_WB09,12
Collini_Astragalus_curvicarpus_P072_WF12,NA
Colutea_abyssinica_P032_WG07,NA
Conjuncti_Astragalus_conjunctus_P073_WB07,12
Conjuncti_Astragalus_hoodianus_P073_WG11,NA
Conjuncti_Astragalus_leibergii_P066_WD09,NA
Conjuncti_Astragalus_reventiformis_P009_WD09,NA
Cusickiani_Astragalus_californicus_P067_WA01,NA
Cusickiani_Astragalus_ceramicus_P027_WE08,NA
Cusickiani_Astragalus_filipes_P029_WA05,11
Cusickiani_Astragalus_inversus_P072_WE05,NA
Cusickiani_Astragalus_knightii_P111_WH02,NA
Cystiella_Astragalus_striatiflorus_P009_WE07,NA
Densifolii_Astragalus_curtipes_P028_WE11,NA
Densifolii_Astragalus_nuttallii_P065_WC09,11
Densifolii_Astragalus_oxyphysus_P026_WA11,11
Neo_Densifolii_Astragalus_pycnostachyus_P009_WD11,NA
Desperati_Astragalus_desperatus_P028_WF02,NA
Desperati_Astragalus_deterior_P071_WF01,NA
Desperati_Astragalus_monumentalis_P066_WA01,NA
Desperati_Astragalus_naturitensis_P068_WA12,NA
Diphaci_Astragalus_diphacus_P065_WF01,15
Neo_Diphysi_Astragalus_lentiginosus_P026_WB01,11
Diphysi_Astragalus_lentiginosus_P028_WG02,11
Drabellae_Astragalus_chloodes_P071_WD08,NA
Drabellae_Astragalus_detritalis_P071_WF03,NA
Drabellae_Astragalus_drabelliformis_P075_WF02,NA
Drabellae_Astragalus_simplicifolius_P008_WH04,NA
Drabellae_Astragalus_spatulatus_P009_WE11,12
Drummondiani_Astragalus_drummondii_P028_WF04,11
Eremosparton_flaccidum_P095_WB10,NA
Erophaca_baetica_P084_WC04,8
Ervoidei_Astragalus_bourgovii_P066_WB08,NA
Ervoidei_Astragalus_kentrophyta_P076_WG04,NA
Ervoidei_Astragalus_microcystis_P066_WF06,NA
Ervoidei_Astragalus_vexilliflexus_P028_WA07,14
GA_Aegacantha_Astragalus_altimurensis_P009_WF07,NA
GA_Aegacantha_Astragalus_baghlanensis_P077_WA02,NA
GA_Aegacantha_Astragalus_bornmuelleranus_P072_WH11,8
GA_Aegacantha_Astragalus_lasiosemius_P066_WD11,8
GA_Aegacantha_Astragalus_polyacanthus_P010_WD10,NA
GA_Aegacantha_Astragalus_psilacanthus_P008_WG08,8
GA_Aegacantha_Astragalus_psilocentros_P063_WF02,NA
GA_Aegacantha_Astragalus_zanskarensis_P001_WF06,8
GA_Alopecioides_Astragalus_terrae-rubrae_P114_WC04,NA
GA_Alopecuroidei_Astragalus_alopecias_P072_WE01,8
GA_Alopecuroidei_Astragalus_alopecurus_P013_WG12,8
GA_Alopecuroidei_Astragalus_dictyolobus_P073_WA12,NA
GA_Alopecuroidei_Astragalus_echinops_P071_WA04,NA
GA_Alopecuroidei_Astragalus_globiceps_P071_WH02,8
GA_Alopecuroidei_Astragalus_globiceps_P072_WB02,8
GA_Alopecuroidei_Astragalus_kirrindicus_P006_WE02,NA
GA_Alopecuroidei_Astragalus_kulabensis_P014_WA01,NA
GA_Alopecuroidei_Astragalus_ponticus_P009_WC08,8
GA_Alopecuroidei_Astragalus_schahrudensis_P009_WA09,8
GA_Alopecuroidei_Astragalus_turbinatus_P008_WE11,NA
GA_Alopecuroidei_Astragalus_vulpinus_P010_WB02,NA
GA_Astragalus_Astragalus_acanthochristianopsis_P013_WD02,NA
GA_Astragalus_Astragalus_akkensis_P011_WB12,NA
GA_Astragalus_Astragalus_baissunensis_P075_WA08,NA
GA_Astragalus_Astragalus_caraganae_P075_WH06,8
GA_Astragalus_Astragalus_maurorum_P114_WD09,NA
GA_Astragalus_Astragalus_retamocarpus_P008_WG03,8
GA_Astragalus_Astragalus_siahderrensis_P009_WE01,NA
GA_Caprini_Astragalus_aegobromus_P009_WG05,8
GA_Caprini_Astragalus_amygdalinus_P074_WH04,NA
GA_Caprini_Astragalus_apricus_P063_WG07,NA
GA_Caprini_Astragalus_bakuensis_P075_WF05,NA
GA_Caprini_Astragalus_buchtormensis_P072_WH07,NA
GA_Caprini_Astragalus_caprinus_P014_WB10,8
GA_Caprini_Astragalus_dasyanthus_P072_WD04,NA
GA_Caprini_Astragalus_erythrosemius_P010_WF09,NA
GA_Caprini_Astragalus_exscapus_P014_WD07,8
GA_Caprini_Astragalus_fabaceus_P071_WF06,NA
GA_Caprini_Astragalus_farctissimus_P009_WG07,NA
GA_Caprini_Astragalus_glabrescens_P073_WA09,NA
GA_Caprini_Astragalus_ibicinus_P077_WC09,8
GA_Caprini_Astragalus_indurescens_P073_WE04,NA
GA_Caprini_Astragalus_johannis_P072_WH12,NA
GA_Caprini_Astragalus_kashmarensis_P077_WA04,NA
GA_Caprini_Astragalus_kuschkensis_P008_WC11,NA
GA_Caprini_Astragalus_laetus_P066_WC12,8
GA_Caprini_Astragalus_lipskyi_P010_WE07,NA
GA_Caprini_Astragalus_longipetalus_P072_WD11,8
GA_Caprini_Astragalus_macropelmatus_P063_WH10,8
GA_Caprini_Astragalus_monanthemus_P072_WG03,7
GA_Caprini_Astragalus_nicolai_P070_WC11,NA
GA_Caprini_Astragalus_orbiculatus_P013_WE11,NA
GA_Caprini_Astragalus_pinetorum_P077_WG10,8
GA_Caprini_Astragalus_pinetorum_P100_WD03,8
GA_Caprini_Astragalus_polybotrys_P008_WF06,NA
GA_Caprini_Astragalus_pseudoutriger_P009_WA06,NA
GA_Caprini_Astragalus_rhizanthus_P014_WA10,8
GA_Caprini_Astragalus_rhizocephalus_P007_WF08,NA
GA_Caprini_Astragalus_rubrifolius_P008_WF04,NA
GA_Caprini_Astragalus_rubromarginatus_P009_WA12,NA
GA_Caprini_Astragalus_rubtzovii_P001_WF07,NA
GA_Caprini_Astragalus_schanginianus_P009_WA10,8
GA_Caprini_Astragalus_sewertzowii_P063_WE08,NA
GA_Caprini_Astragalus_substipitatus_P117_WD04,NA
GA_Caprini_Astragalus_trachycarpus_P010_WB06,NA
GA_Caprini_Astragalus_varzobicus_P013_WE03,NA
GA_Caprini_Astragalus_vexans_P007_WF10,NA
GA_Caprini_Astragalus_webbianus_P007_WF03,8
GA_Caprini_Astragalus_zagrosicus_P063_WF06,NA
GA_Caraganella_Astragalus_stocksii_P009_WH08,NA
GA_Cenantrum_Astragalus_aksuensis_P008_WD08,NA
GA_Cenantrum_Astragalus_chilienshanensis_P013_WH04,NA
GA_Cenantrum_Astragalus_ernestii_P013_WG01,8
GA_Cenantrum_Astragalus_floridulus_P013_WH11,NA
GA_Cenantrum_Astragalus_floridulus_P073_WG05,NA
GA_Cenantrum_Astragalus_frigidus_P010_WD08,8
GA_Cenantrum_Astragalus_frigidus_P071_WF04,8
GA_Cenantrum_Astragalus_frigidus_P100_WC11,8
GA_Cenantrum_Astragalus_lepsensis_P010_WE04,NA
GA_Cenantrum_Astragalus_monadelphus_P070_WC10,NA
GA_Cenantrum_Astragalus_mongholicus_P008_WD09,8
GA_Cenantrum_Astragalus_mongholicus_P013_WE09,8
GA_Cenantrum_Astragalus_mongholicus_P013_WF09,8
GA_Cenantrum_Astragalus_mongholicus_P102_WH11,8
GA_Cenantrum_Astragalus_muliensis_P013_WD07,NA
GA_Cenantrum_Astragalus_neomonadelphus_P013_WE01,NA
GA_Cenantrum_Astragalus_przewalskii_P010_WE08,8
GA_Cenantrum_Astragalus_shinanensis_P008_WD10,8
GA_Cenantrum_Astragalus_tongolensis_P010_WB09,8
GA_Cenantrum_Cenanthrum_Astragalus_umbellatus_P112_WD09,8
GA_Cenantrum_GA_Cenantrum_Astragalus_mongholicus_P013_WD12,8
GA_Chlorostachys_Astragalus_atropilosulus_P006_WH04,8
GA_Chlorostachys_Astragalus_chlorostachys_P071_WH05,8
GA_Chronopus_Astragalus_dactylocarpus_P008_WG02,8
GA_Chronopus_Astragalus_dactylocarpus_P066_WE05,8
GA_Chronopus_Astragalus_fruticosus_P013_WC08,NA
GA_Chronopus_Astragalus_gombo_P014_WB09,8
GA_Chronopus_Astragalus_sieberi_P073_WF01,8
GA_Chronopus_Astragalus_trigonus_P014_WB12,8
GA_Coluteocarpus_Astragalus_coluteocarpus_P013_WH08,8
GA_Coluteocarpus_Astragalus_hoantchy_P072_WB07,8
GA_Eremophysa_Astragalus_kahiricus_P074_WA02,8
GA_Eremophysa_Astragalus_kelifii_P074_WB12,NA
GA_Eremophysa_Astragalus_litwinowii_P076_WA02,NA
GA_Eremophysa_Astragalus_maximowiczii_P001_WF05,8
GA_Eremophysa_Astragalus_tatjanae_P009_WF11,NA
GA_Erionotus_Astragalus_babatagii_P013_WF04,NA
GA_Erionotus_Astragalus_babatagii_P013_WH03,NA
GA_Erionotus_Astragalus_catabostrychos_P072_WC06,NA
GA_Erionotus_Astragalus_citrinus_P013_WD04,8
GA_Erionotus_Astragalus_echanensis_P075_WG07,NA
GA_Erionotus_Astragalus_lanuginosus_P073_WH09,8
GA_Erionotus_Astragalus_mucidus_P069_WA04,NA
GA_Galegiformes_Astragalus_forrestii_P009_WE07,NA
GA_Galegiformes_Astragalus_galegiformis_P075_WH05,8
GA_Galegiformes_Astragalus_graveolens_P010_WG03,8
GA_Galegiformes_Astragalus_kialensis_P010_WD11,8
GA_Galegiformes_Astragalus_kuramensis_P064_WB07,NA
GA_Galegiformes_Astragalus_maxwellii_P010_WF07,NA
GA_Galegiformes_Astragalus_stewartii_P007_WF07,8
GA_Galegiformes_Astragalus_stipulatus_P010_WG01,32
GA_Gontscharoviella_Astragalus_kaschkadarjensis_P010_WD04,NA
GA_Gontscharoviella_Astragalus_pamirensis_P013_WF03,NA
GA_Hololeios_Astragalus_hololeios_P010_WE11,NA
GA_Hookeriana_Astragalus_acaulis_P010_WA02,8
GA_Lithophilus_Astragalus_munroi_P071_WA09,8
GA_Macropodium_Astragalus_macropodium_P013_WC05,NA
GA_Mesocarpon_Astragalus_quisqualis_P010_WC06,NA
GA_Nuculiella_Astragalus_chinensis_P069_WE06,8
GA_Pelta_Astragalus_olgae_P073_WA03,NA
GA_Pendulina_Astragalus_austrosibiricus_P010_WC11,16
GA_Pendulina_Astragalus_mirabilis_P070_WF01,NA
GA_Pendulina_Astragalus_viridiflorus_P013_WE07,NA
GA_Pendulina_GF_Malacothrix_Astragalus_austroaegaeus_P075_WA04,NA
GA_Pseudosesbanella_Astragalus_falconeri_P009_WE04,8
GA_Pseudosesbanella_Astragalus_hoffmeisteri_P064_WA09,8
GA_Scheremeteviana_Astragalus_scheremetevianus_P010_WB07,8
GA_Skythropos_Astragalus_yunnanensis_P009_WD11,NA
GB_Aulacolobus_Astragalus_guttatus_P073_WA07,8
GB_Brachycarpus_Astragalus_heterodontus_P073_WA08,8
GB_Brachycarpus_Astragalus_mahoschanicus_P008_WD01,8
GB_Brachycarpus_Astragalus_melanostachys_P063_WG01,6
GB_Brachycarpus_Astragalus_schugnanicus_P007_WF01,8
GB_Dasyphyllium_Astragalus_cretaceus_P077_WA03,8
GB_Dasyphyllium_Astragalus_densifolius_P100_WD05,8
GB_Dasyphyllium_Astragalus_emarginatus_P100_WD04,8
GB_Grammocalyx_Astragalus_lineatus_P063_WF12,NA
GB_Grammocalyx_Astragalus_lineatus_P073_WG06,NA
GB_Harpilobus_Astragalus_arpilobus_P074_WA07,NA
Annulares_GB_Harpilobus_Astragalus_campylorhynchus_P009_WH04,8
GB_Harpilobus_Astragalus_campylorhynchus_P072_WC07,8
GB_Harpilobus_Astragalus_mareoticus_P074_WE12,14
GB_Hemiphragmium_Hemiphragmium_Astragalus_australis_P069_WH11,16
GB_Hemiphragmium_Astragalus_kolymensis_P114_WC12,32
GB_Hemiphragmium_Astragalus_tugarinovii_P008_WE12,16
GB_Irineae_Astragalus_amherstianus_P013_WD03,8
GB_Irineae_Astragalus_saxifractor_P010_WA07,NA
GB_Irineae_Astragalus_subumbellatus_P009_WB06,NA
GB_Melilotopsis_Astragalus_melilotoides_P013_WD01,8
GB_Oroboidei_Astragalus_macropterus_P008_WD06,8
GB_Oroboidei_Astragalus_norvegicus_P071_WD11,8
GB_Oroboidei_Astragalus_olchonensis_P063_WE07,16
GB_Oroboidei_Astragalus_pavlovii_P069_WA06,NA
GB_Oroboidei_Astragalus_puberulus_P009_WH11,NA
GB_Oroboidei_Astragalus_sachalinensis_P009_WB01,8
GB_Oroboidei_Astragalus_versicolor_P013_WE04,8
GB_Oroboidei_Komaroviella_Astragalus_alpinus_P066_WA11,8
GB_Oxyglottis_Astragalus_oxyglottis_P071_WD07,8
GB_Oxyglottis_Astragalus_schmalhausenii_P063_WG02,8
GB_Sesamei_Astragalus_asterias_P009_WG09,8
GB_Sesamei_Astragalus_filicaulis_P063_WF08,8
GB_Sesamei_Astragalus_filicaulis_P072_WC05,8
GB_Sesamei_Astragalus_geniculatus_P076_WA01,NA
GB_Sesamei_Astragalus_persepolitanus_P071_WE09,NA
GB_Sesamei_Astragalus_schimperi_P008_WG07,8
GB_Sesamei_Astragalus_sesameus_P014_WD02,8
GB_Sesamei_Astragalus_sesamoides_P063_WE10,8
GB_Sesamei_Astragalus_stella_P011_WC03,8
GB_Sesamei_Astragalus_tribuloides_P010_WC04,8
Sesamei_Astragalus_wrightii_P010_WA10,NA
GC_Bucerates_Astragalus_edulis_P075_WH09,14
GC_Bucerates_Astragalus_hamosus_P014_WC09,22
GC_Bucerates_Astragalus_maroccanus_P072_WB06,NA
GC_Bucerates_Astragalus_solandri_P011_WC02,16
GC_Bucerates_Astragalus_trimestris_P074_WB06,6
GC_Cyamodes_Astragalus_boeticus_P014_WE01,15
GC_Glycyphyllos_Astragalus_reflexistipulus_P010_WC07,NA
GC_Glycyphyllos_Glycyphyllos_Astragalus_fraxinifolius_P071_WF12,NA
GC_Glycyphyllos_Glycyphyllos_Astragalus_glycyphylloides_P072_WB04,8
GC_Glycyphyllos_Glycyphyllos_Astragalus_glycyphyllos_P072_WB10,8
GC_Uliginosi_Uliginosi_Astragalus_falcatus_P071_WG05,8
GC_Uliginosi_Astragalus_odoratus_P063_WG05,8
GC_Neo_Uliginosi_Astragalus_peduncularis_P013_WH09,8
GC_Uliginosi_Astragalus_peduncularis_P083_WG12,8
GC_Uliginosi_Astragalus_schelichowii_P009_WE08,8
GC_Uliginosi_Astragalus_sikokianus_P010_WB05,NA
GC_Uliginosi_Astragalus_uliginosus_P073_WD05,8
GD_Komaroviella_Astragalus_confertus_P013_WH06,NA
GD_Komaroviella_Astragalus_himalayanus_P010_WF02,8
GD_Komaroviella_Astragalus_kuschakewiczii_P008_WC10,NA
GD_Komaroviella_Astragalus_kuschakewiczii_P070_WC09,NA
GD_Komaroviella_Astragalus_mattam_P008_WC12,16
GD_Komaroviella_Oroboidei_Astragalus_robbinsii_P009_WB11,16
GD_Lotidium_Astragalus_sinicus_P008_WF02,8
GD_Poliothrix_Astragalus_baxoiensis_P013_WH05,NA
GD_Poliothrix_Astragalus_havianus_P013_WG02,NA
GD_Poliothrix_Astragalus_leucocephalus_P010_WG04,8
GD_Poliothrix_Astragalus_minutidentatus_P009_WE08,NA
GD_Poliothrix_Astragalus_monbeigii_P013_WE06,NA
GD_Poliothrix_Astragalus_pullus_P008_WD02,NA
GD_Poliothrix_Astragalus_strictus_P010_WC02,16
GD_Poliothrix_Astragalus_sungpanensis_P013_WF01,16
GD_Poliothrix_Astragalus_zacharensis_P028_WF07,NA
Genistoidei_Astragalus_convallarius_P027_WE05,NA
Genistoidei_Astragalus_diversifolius_P071_WH08,NA
Genistoidei_Astragalus_miser_P065_WB09,11
GF_Ammodendron_Astragalus_ammodendron_P074_WC12,8
GF_Ammodendron_Astragalus_ammodendron_P100_WD01,8
GF_Ammodendron_Astragalus_brachypus_P072_WH10,8
GF_Ammodendron_Astragalus_cognatus_P072_WH05,8
GF_Ammodendron_Astragalus_hyrcanus_P071_WE04,8
GF_Ammodendron_Astragalus_igniarius_P071_WE07,NA
GF_Ammodendron_Astragalus_karakugensis_P074_WD02,8
GF_Ammodendron_Astragalus_longipetiolatus_P072_WF11,8
GF_Ammodendron_Astragalus_macrobotrys_P073_WD02,NA
GF_Ammodendron_Astragalus_macrocladus_P010_WE09,NA
GF_Ammodendron_Astragalus_nigricans_P013_WD10,NA
GF_Ammodendron_Astragalus_oldenburgii_P013_WF08,8
GF_Ammodendron_Astragalus_paucijugus_P072_WA08,8
GF_Ammodendron_Astragalus_podolobus_P010_WB03,NA
GF_Ammodendron_Astragalus_squarrosus_P013_WC04,8
GF_Ammodendron_Astragalus_turcomanicus_P008_WE10,8
GF_Ammodendron_Astragalus_unifoliolatus_P013_WC11,NA
GF_Ammodytes_Astragalus_ammodytes_P074_WA03,8
GF_Ammotrophus_Astragalus_ammotrophus_P117_WE03,NA
GF_Ankylotus_Astragalus_stalinskyi_P063_WE11,8
GF_Campylotrichon_Astragalus_campylotrichus_P074_WD09,8
GF_Corethrum_Astragalus_nematodes_P069_WA07,NA
GF_Corethrum_Astragalus_scoparius_P009_WE12,NA
GF_Corethrum_Astragalus_semenovii_P063_WF01,NA
GF_Craccina_Astragalus_arenarius_P009_WG07,8
GF_Craccina_Astragalus_austriacus_P008_WH11,8
GF_Craccina_Astragalus_austriacus_P072_WA04,8
GF_Craccina_Astragalus_discolor_P013_WF06,8
GF_Craccina_Astragalus_leptocaulis_P010_WE05,NA
GF_Craccina_Astragalus_miniatus_P075_WG10,8
GF_Craccina_Astragalus_sulcatus_P013_WC10,8
GF_Cycloglottis_Astragalus_contortuplicatus_P072_WD03,8
GF_Cystium_Astragalus_kurdaicus_P114_WD08,16
GF_Cystium_Astragalus_masenderanus_P063_WG10,NA
GF_Cystium_Astragalus_physocarpus_P063_WG11,NA
GF_Cystium_Astragalus_physodes_P074_WB11,NA
GF_Cytisodes_Astragalus_dolichocarpus_P072_WH09,NA
GF_Cytisodes_Astragalus_georgii_P073_WH01,NA
GF_Cytisodes_Astragalus_ornithorrhynchus_P068_WC08,NA
GF_Cytisodes_Astragalus_pseudocytisoides_P008_WA10,NA
GF_Dipelta_Astragalus_dipelta_P073_WB05,NA
GF_Dissitiflori_Astragalus_afghanomontanus_P069_WA03,NA
GF_Dissitiflori_Astragalus_albicaulis_P075_WH11,NA
GF_Dissitiflori_Astragalus_alitschuri_P013_WC03,NA
GF_Dissitiflori_Astragalus_argyroides_P074_WC11,NA
GF_Dissitiflori_Astragalus_asper_P072_WA05,24
GF_Dissitiflori_Astragalus_brachylobus_P075_WA01,45
GF_Dissitiflori_Astragalus_chorizanthus_P007_WF09,NA
GF_Dissitiflori_Astragalus_cornutus_P074_WC01,24
GF_Dissitiflori_Astragalus_dianthus_P073_WA11,NA
GF_Dissitiflori_Astragalus_fedtschenkoanus_P009_WF03,NA
GF_Dissitiflori_Astragalus_iskanderi_P072_WB03,8
GF_Dissitiflori_Astragalus_juratzkanus_P010_WE02,NA
GF_Dissitiflori_Astragalus_kabadianus_P010_WE03,NA
GF_Dissitiflori_Astragalus_kudrjaschovii_P008_WD03,NA
GF_Dissitiflori_Astragalus_macropus_P063_WF11,NA
GF_Dissitiflori_Astragalus_macrotropis_P063_WF04,NA
GF_Dissitiflori_Astragalus_managildensis_P064_WB08,NA
GF_Dissitiflori_Astragalus_medius_P075_WG12,NA
GF_Dissitiflori_Astragalus_microcalycinus_P071_WG10,NA
GF_Dissitiflori_Astragalus_neolipskyanus_P075_WG09,NA
GF_Dissitiflori_Astragalus_peterfii_P073_WH06,32
GF_Dissitiflori_Astragalus_platyphyllus_P063_WE09,8
GF_Dissitiflori_Astragalus_ruscifolius_P117_WE11,NA
GF_Dissitiflori_Astragalus_schachdarinus_P010_WD05,NA
GF_Dissitiflori_Astragalus_scleroxylon_P010_WC12,NA
GF_Dissitiflori_Astragalus_subuliformis_P008_WG11,8
GF_Dissitiflori_Astragalus_suffalcatus_P009_WH10,NA
GF_Dissitiflori_Astragalus_sumbari_P010_WC02,NA
GF_Dissitiflori_Astragalus_tephrolobus_P073_WD04,32
GF_Dissitiflori_Astragalus_varius_P009_WC12,8
GF_Dissitiflori_Astragalus_vesicarius_P009_WH09,8
GF_Dissitiflori_Astragalus_xiphidium_P009_WB05,NA
GF_Dissitiflori_Astragalus_zingeri_P074_WC10,16
GF_Erioceras_Astragalus_arganaticus_P074_WC08,NA
GF_Erioceras_Astragalus_reduncus_P009_WA03,8
GF_Erioceras_Astragalus_triqueter_P008_WG10,8
GF_Erioceras_Astragalus_turczaninovii_P007_WF02,NA
GF_Helmia_Astragalus_heptapotamicus_P009_WF05,NA
GF_Helmia_Astragalus_kasachstanicus_P074_WC02,NA
GF_Heterodontus_Astragalus_dahuricus_P009_WH12,8
GF_Hispiduli_Astragalus_bakaliensis_P064_WB04,8
GF_Hispiduli_Astragalus_hispidulus_P014_WB04,8
GF_Hispiduli_Astragalus_scorpiurus_P007_WF05,8
GF_Hololeuce_Astragalus_alyssoides_P009_WF04,NA
GF_Hololeuce_Astragalus_angustissimus_P072_WA12,NA
GF_Hololeuce_Astragalus_hissaricus_P009_WE12,8
GF_Hololeuce_Astragalus_hissaricus_P009_WF01,8
GF_Hololeuce_Astragalus_hyalolepis_P075_WH02,NA
GF_Hololeuce_Astragalus_incertus_P075_WH07,16
GF_Hololeuce_Astragalus_onobrychioides_P072_WC01,8
GF_Hypoglottidei_Hypoglottidei_Astragalus_agrestis_P028_WE04,8
GF_Hypoglottidei_Astragalus_bourgaeanus_P014_WD01,NA
GF_Hypoglottidei_Hypoglottidei_Astragalus_cicer_P072_WD06,32
GF_Hypoglottidei_Astragalus_danicus_P072_WF06,8
GF_Hypoglottidei_Hypoglottidei_Astragalus_glaux_P014_WC05,8
GF_Hypoglottidei_Astragalus_hypoglottis_P071_WE03,8
GF_Hypoglottidei_Astragalus_tibetanus_P111_WG01_P111_WG01,8
GF_Hypsophilus_Astragalus_nivalis_P013_WD06,8
GF_Laxiflora_Astragalus_baldshuanicus_P071_WH09,NA
GF_Macrocystis_Astragalus_baranovii_P073_WA06,NA
GF_Macrocystis_Astragalus_krauseanus_P013_WF11,NA
GF_Macrocystis_Astragalus_megalomerus_P008_WD04,NA
GF_Macrocystis_Astragalus_neurophyllus_P013_WD11,NA
GF_Macrocystis_Astragalus_xanthomeloides_P013_WE08,8
GF_Macrocystodes_Astragalus_bucharicus_P013_WH12,NA
GF_Macrocystodes_Astragalus_chrysomallus_P013_WH07,NA
GF_Macrocystodes_Astragalus_namanganicus_P064_WA07,NA
GF_Macrocystodes_Astragalus_pseudomegalomerus_P013_WD05,NA
GF_Macrocystodes_Astragalus_rhacodes_P010_WF03,NA
GF_Malacothrix_Astragalus_anserinaefolius_P072_WC11,16
GF_Malacothrix_Astragalus_comosus_P066_WA08,NA
GF_Malacothrix_Astragalus_eriocarpus_P074_WB04,8
GF_Malacothrix_Astragalus_eriopodus_P071_WD12,13
GF_Malacothrix_Astragalus_macrostachys_P071_WG11,NA
GF_Malacothrix_Astragalus_spachianus_P063_WF10,NA
GF_Malacothrix_Astragalus_turolensis_P114_WD10,NA
GF_Onobrychoidei_Astragalus_aduncus_P114_WD01,8
GF_Onobrychoidei_Astragalus_adzharicus_P072_WF02,NA
GF_Onobrychoidei_Astragalus_arguricus_P072_WA07,8
GF_Onobrychoidei_Astragalus_brevipes_P071_WE01,NA
GF_Onobrychoidei_Astragalus_bungeanus_P073_WF02,8
GF_Onobrychoidei_Astragalus_cancellatus_P073_WH10,16
GF_Onobrychoidei_Astragalus_captiosus_P071_WH07,8
GF_Onobrychoidei_Astragalus_goktschaicus_P071_WF05,20
GF_Onobrychoidei_Astragalus_hajastanus_P071_WE10,8
GF_Onobrychoidei_Astragalus_kadschorensis_P071_WE05,28
GF_Onobrychoidei_Astragalus_laxmannii_P010_WE01_P010_WE01,NA
GF_Onobrychoidei_Astragalus_laxmannii_P013_WF10,NA
GF_Onobrychoidei_Astragalus_leontinus_P006_WE09,16
GF_Onobrychoidei_Astragalus_lilacinus_P064_WB09,NA
GF_Onobrychoidei_Astragalus_ninae_P077_WD11,NA
GF_Onobrychoidei_Astragalus_onobrychis_P071_WD10,32
GF_Onobrychoidei_Astragalus_pseudoadsurgens_P013_WE05,16
GF_Onobrychoidei_Astragalus_roemeri_P009_WA01,16
GF_Onobrychoidei_Astragalus_setulosus_P073_WD12,NA
GF_Onobrychoidei_Astragalus_sevangensis_P009_WA05,16
GF_Onobrychoidei_Astragalus_shagalensis_P009_WA04,8
GF_Onobrychoidei_Astragalus_teheranicus_P008_WF05,8
GF_Onobrychoidei_Astragalus_trichanthus_P009_WA07,NA
GF_Onobrychoidei_Astragalus_trifoliolatus_P071_WG02,NA
GF_Onobrychoidei_Astragalus_vegetus_P073_WC12,NA
GF_Ornithopodium_Astragalus_algerianus_P014_WB06,NA
GF_Ornithopodium_Astragalus_kifonsanicus_P010_WE12,NA
GF_Ornithopodium_Astragalus_mugosaricus_P069_WA05,NA
GF_Ornithopodium_Astragalus_ornithopodioides_P072_WB01,NA
GF_Ornithopodium_Astragalus_stevenianus_P009_WA02,8
GF_Picrophace_Astragalus_griffithii_P068_WB05,NA
GF_Platyglottis_Astragalus_camptoceras_P072_WH04,8
GF_Platyglottis_Astragalus_peregrinus_P014_WB11,8
GF_Platyglottis_Astragalus_suberosus_P073_WD10,8
GF_Pseudammotrophus_Astragalus_megalanthus_P071_WA08,NA
GF_Tanythrix_Astragalus_roseus_P008_WF03,NA
GF_Tapinodes_Astragalus_depressus_P075_WF03,8
GF_Tapinodes_Astragalus_froedinii_P075_WH12,NA
GF_Trachycercis_Astragalus_albertii_P072_WF04,NA
GF_Trachycercis_Astragalus_brevifolius_P010_WF06,NA
GF_Trachycercis_Astragalus_dolichophyllus_P075_WD02,NA
GF_Trachycercis_Astragalus_muschketovii_P013_WE02,NA
GF_Trachycercis_Astragalus_rupifragus_P008_WH12,NA
GF_Trachycercis_Astragalus_scaberrimus_P013_WC09,8
GF_Trachycercis_Astragalus_testiculatus_P009_WE05,NA
GG_Acanthophace_Astragalus_hemsleyi_P071_WA05,NA
GG_Acanthophace_Astragalus_schistocalyx_P008_WG09,NA
GG_Acidodes_Astragalus_ochrochlorus_P063_WF09,NA
GG_Adiaspastus_Astragalus_aureus_P071_WH01,8
GG_Adiaspastus_Astragalus_caucasicus_P100_WD10,8
GG_Adiaspastus_Astragalus_cerasocrenus_P100_WD06,NA
GG_Adiaspastus_Astragalus_karabaghensis_P074_WD04,NA
GG_Adiaspastus_Astragalus_sempervirens_P026_WA03,8
GG_Adiaspastus_Astragalus_transoxanus_P063_WH07,NA
GG_Anthylloidei_Astragalus_flexilipes_P074_WH12,NA
GG_Anthylloidei_Astragalus_lumsdenianus_P075_WA07,NA
GG_Anthylloidei_Astragalus_murinus_P072_WB11,NA
GG_Anthylloidei_Astragalus_raddei_P007_WE12,NA
GG_Anthylloidei_Astragalus_remotiflorus_P007_WE10,NA
GG_Anthylloidei_Astragalus_submitis_P010_WC03,8
GG_Anthylloidei_Astragalus_szovitsii_P008_WH01,NA
GG_Anthylloidei_Astragalus_tortuosus_P009_WE02,NA
GG_Campylanthus_Astragalus_susianus_P063_WF07,NA
GG_Diphtheriphorus_Astragalus_bethlehemiticus_P100_WD07,NA
GG_Diphtheriphorus_Astragalus_diphtherites_P100_WE01,NA
GG_Hymenostegis_Astragalus_chrysostachys_P072_WH08,NA
GG_Hymenostegis_Astragalus_glumaceus_P074_WH11,NA
GG_Hymenostegis_Astragalus_lagopoides_P066_WC05,24
GG_Hymenostegis_Astragalus_laguriformis_P066_WC07,7
GG_Hymenostegis_Astragalus_tabrizianus_P100_WB12,NA
GG_Hymenostegis_Astragalus_uraniolimneus_P073_WD03,NA
GG_Leucocercis_Astragalus_curviflorus_P063_WG09,NA
GG_Leucocercis_Astragalus_mucronifolius_P063_WH11,NA
GG_Macrophyllium_Astragalus_oleaefolius_P103_WA02,NA
GG_Microphysa_Astragalus_callistachys_P066_WC06,NA
GG_Microphysa_Astragalus_cephalanthus_P072_WC08,NA
GG_Microphysa_Astragalus_microphysa_P073_WH05,NA
GG_Microphysa_Astragalus_reuterianus_P008_WD08,NA
GG_Platonychium_Astragalus_denudatus_P076_WF01,16
GG_Platonychium_Astragalus_gummifer_P100_WD11,8
GG_Platonychium_Astragalus_microcephalus_P064_WA05,8
GG_Platonychium_Astragalus_turkmenorum_P114_WD07,NA
GG_Platonychium_Astragalus_verus_P075_WE02,32
GG_Platonychium_Astragalus_verus_P083_WG07,32
GG_Platonychium_Astragalus_verus_P100_WB02,32
GG_Platonychium_Astragalus_verus_P100_WB04,32
GG_Platonychium_Astragalus_verus_P100_WD08,32
GG_Platonychium_Astragalus_verus_P103_WC05,32
GG_Poterion_Astragalus_anisacanthus_P074_WF09,NA
GG_Poterion_Astragalus_armatus_P011_WC06,NA
GG_Poterion_Astragalus_calliphysa_P071_WE11,NA
GG_Poterion_Astragalus_fasciculifolius_P074_WH03,8
GG_Poterion_Astragalus_spinosus_P009_WH06,8
GG_Pterophorus_Astragalus_cephalotus_P103_WA07,NA
GG_Rhacophorus_Astragalus_creticus_P073_WF04,8
GG_Rhacophorus_Astragalus_granatensis_P100_WC12,8
GG_Rhacophorus_Astragalus_lasiostylus_P008_WD05,NA
GG_Rhacophorus_Astragalus_micropterus_P071_WG12,NA
GG_Rhacophorus_Astragalus_plumosus_P009_WH03,8
GG_Rhacophorus_Astragalus_pterocephalus_P100_WB05,NA
GG_Tragacantha_Astragalus_angustifolius_P077_WA01,8
GG_Tragacantha_Astragalus_ibrahimianus_P014_WB05,NA
GG_Tricholobus_Astragalus_tricholobus_P007_WF06,NA
GH_Incani_Astragalus_askius_P071_WA03,NA
GH_Incani_Astragalus_brachycarpus_P075_WA03,8
GH_Incani_Astragalus_cottonianus_P008_WD07,8
GH_Incani_Astragalus_curvirostris_P068_WG02,NA
GH_Incani_Astragalus_cyri_P072_WF01,8
GH_Incani_Astragalus_frickii_P075_WH04,8
GH_Incani_Astragalus_jolderensis_P013_WH10,NA
GH_Incani_Astragalus_kazbeki_P071_WE06,8
GH_Incani_Astragalus_monspessulanus_P072_WA06,8
GH_Incani_Astragalus_pendulus_P068_WB06,NA
GH_Incani_Astragalus_platysematus_P009_WB04,NA
GH_Incani_Astragalus_pseudocyclophyllus_P010_WA06,NA
GH_Incani_Astragalus_punctatus_P112_WE09,NA
GH_Incani_Astragalus_refractus_P009_WF08,NA
GH_Incani_Astragalus_robustus_P009_WA11,16
GH_Incani_Astragalus_somcheticus_P008_WA11,NA
GH_Incani_Astragalus_somcheticus_P074_WD10,NA
GH_Incani_Astragalus_taschkendicus_P008_WG06,NA
GH_Incani_Astragalus_velatus_P009_WD05,NA
GH_Laguropsis_Astragalus_calycinus_P074_WH08,8
GH_Laguropsis_Astragalus_centralis_P010_WF10,NA
GH_Laguropsis_Astragalus_dilutus_P010_WA01,NA
GH_Laguropsis_Astragalus_ellipsoideus_P073_WB03,8
GH_Laguropsis_Astragalus_follicularis_P073_WF07,8
GH_Laguropsis_Astragalus_laguroides_P009_WE11,16
GH_Laguropsis_Astragalus_lupulinus_P009_WF05,8
GH_Laguropsis_Astragalus_nobilis_P013_WD08,NA
GH_Laguropsis_Astragalus_petropylensis_P075_WG08,NA
GH_Laguropsis_Astragalus_pseudonobilis_P013_WC07,NA
GH_Laguropsis_Astragalus_schrenkianus_P013_WC06,8
Gigantei_Astragalus_giganteus_P018_WG05,11
Gynophoraria_Astragalus_nutzotinensis_P065_WC06,11
Hedysarum_boreale_P027_WG07,8
Hesperonix_Astragalus_bolanderi_P069_WD04,11
Humillimi_Astragalus_cremnophylax_P073_WB02,NA
Humillimi_Astragalus_gilensis_P072_WG04,11
Humillimi_Astragalus_humillimus_P114_WD06,11
Humillimi_Astragalus_siliceus_P008_WH05,11
Humillimi_Astragalus_troglodytus_P009_WC06,NA
Humillimi_Astragalus_wittmannii_P010_WA09,11
Humistrati_Astragalus_chuskanus_P065_WH12,12
Humistrati_Astragalus_humistratus_P073_WG09,12
Humistrati_Astragalus_micromerius_P069_WH10,NA
Humistrati_Astragalus_sesquiflorus_P008_WH09,NA
Neo_Humistrati_Astragalus_tegetarioides_P069_WC05,NA
Humistrati_Astragalus_tegetarioides_P117_WE02,NA
Hypoleuci_Astragalus_hypoleucus_P026_WB10,14
Inflati_Astragalus_allochrous_P026_WB07,11
Inflati_Astragalus_aquilonius_P065_WA04,NA
Inflati_Astragalus_aridus_P026_WA04,NA
Inflati_Astragalus_diaphanus_P072_WC02,14
Inflati_Astragalus_douglasii_P025_WH12,11
Inflati_Astragalus_endopterus_P075_WE09,NA
Inflati_Astragalus_fastidius_P019_WC12,11
Inflati_Astragalus_geyeri_P072_WG05,NA
Inflati_Astragalus_gilmanii_P073_WA01,NA
Inflati_Astragalus_hornii_P026_WB09,NA
Inflati_Astragalus_idrietorum_P019_WF06,11
Inflati_Astragalus_insularis_P019_WF07,11
Inflati_Astragalus_macrodon_P066_WA05,NA
Inflati_Astragalus_magdalenae_P019_WB05,11
Inflati_Astragalus_moranii_P026_WA08,NA
Inflati_Astragalus_nutans_P112_WA02,11
Inflati_Astragalus_oocarpus_P077_WF07,11
Inflati_Astragalus_palmeri_P024_WC01,NA
Inflati_Astragalus_pardalinus_P067_WD06,NA
Inflati_Astragalus_piscinus_P026_WA10,NA
Inflati_Astragalus_prorifer_P026_WA09,11
Inflati_Astragalus_pubentissimus_P074_WD11,NA
Inflati_Astragalus_sabulonum_P026_WD03,12
Inflati_Astragalus_sanctorum_P026_WA05,NA
Inflati_Astragalus_serpens_P074_WD01,NA
Inflati_Astragalus_sparsiflorus_P009_WE10,NA
Inflati_Astragalus_thurberi_P026_WE01,11
Inflati_Astragalus_wardii_P029_WA09,NA
Inflati_Astragalus_wetherillii_P008_WC04,NA
Inflati_Astragalus_wootonii_P026_WD10,11
Inyoenses_Astragalus_inyoensis_P072_WE04,NA
Jaegeriani_Astragalus_jaegerianus_P073_WG08,NA
Jejuni_Astragalus_jejunus_P073_WG07,NA
Jejuni_Astragalus_limnocharis_P065_WE08,NA
Layneani_Astragalus_layneae_P065_WC11,22
Leptocarpi_Astragalus_albens_P025_WH10,NA
Leptocarpi_Astragalus_arizonicus_P067_WG04,8
Leptocarpi_Astragalus_breweri_P067_WE10,11
Leptocarpi_Astragalus_clarianus_P074_WC07,11
Leptocarpi_Astragalus_coahuilae_P026_WA03,NA
Leptocarpi_Astragalus_emoryanus_P018_WG06,12
Leptocarpi_Astragalus_gentryi_P026_WA09,NA
Leptocarpi_Astragalus_hypoxylus_P026_WC02,NA
Leptocarpi_Astragalus_leptocarpus_P027_WE07,13
Leptocarpi_Astragalus_lindheimeri_P111_WH01,NA
Leptocarpi_Astragalus_mohavensis_P065_WB10,12
Leptocarpi_Astragalus_nothoxys_P026_WB02,14
Leptocarpi_Astragalus_nuttallianus_P026_WB01,12
Leptocarpi_Astragalus_nyensis_P066_WF12,13
Leptocarpi_Astragalus_parvus_P026_WC03,15
Neo_Leptocarpi_Astragalus_pauperculus_P067_WH05,12
Leptocarpi_Astragalus_rattanii_P009_WD10,11
Leptocarpi_Astragalus_tener_P007_WH01,11
Leptocarpi_Astragalus_tricarinatus_P007_WG01,NA
Lessertia_capitata_P032_WA09,NA
Lonchocarpi_Astragalus_aequalis_P070_WH08,NA
Lonchocarpi_Astragalus_coltonii_P114_WC01,NA
Lonchocarpi_Astragalus_cronquistii_P072_WG11,NA
Lonchocarpi_Astragalus_duchesnensis_P075_WE12,NA
Neo_Lonchocarpi_Astragalus_episcopus_P065_WG07,11
Lonchocarpi_Astragalus_episcopus_P074_WD03,11
Lonchocarpi_Astragalus_hamiltonii_P073_WA05,NA
Lonchocarpi_Astragalus_lonchocarpus_P069_WH05,11
Lonchocarpi_Astragalus_nidularius_P067_WF05,NA
Lonchocarpi_Astragalus_pinonis_P067_WB01,NA
Lonchocarpi_Astragalus_ripleyi_P028_WH12,NA
Lonchocarpi_Astragalus_titanophilus_P008_WC02,NA
Lotiflori_Astragalus_lotiflorus_P066_WD08,13
Lutosi_Astragalus_lutosus_P024_WC05,NA
Malaci_Astragalus_chamaemeniscus_P071_WE02,NA
Malaci_Astragalus_cibarius_P072_WD07,11
Malaci_Astragalus_cimae_P073_WE08,NA
Malaci_Astragalus_ensiformis_P075_WD05,NA
Malaci_Astragalus_malacoides_P065_WC12,NA
Malaci_Astragalus_malacus_P111_WH04,NA
Malaci_Astragalus_minthorniae_P024_WC06,NA
Malaci_Astragalus_vallaris_P074_WA06,NA
Megacarpi_Astragalus_beckwithii_P069_WC11,11
Megacarpi_Astragalus_megacarpus_P065_WC10,NA
Megacarpi_Astragalus_oophorus_P024_WC02,NA
Micranthi_Astragalus_clevelandii_P074_WC06,NA
Micranthi_Astragalus_daleae_P026_WA01,NA
Micranthi_Astragalus_goldmanii_P026_WA05,15
Micranthi_Astragalus_hartwegii_P025_WH11,14
Micranthi_Astragalus_vaccarum_P026_WD11,14
Microlobium_Astragalus_didymocarpus_P071_WE12,12
Microlobium_Astragalus_gambelianus_P072_WG06,11
Minerales_Astragalus_molybdenus_P066_WH11,NA
Miselli_Astragalus_arthurii_P069_WE02,12
Miselli_Astragalus_carminis_P026_WB03,NA
Miselli_Astragalus_congdonii_P073_WB06,13
Miselli_Astragalus_howellii_P072_WG02,NA
Miselli_Astragalus_misellus_P065_WD11,NA
Miselli_Astragalus_oniciformis_P065_WC05,NA
Miselli_Astragalus_paysonii_P071_WD02,NA
Miselli_Astragalus_straturensis_P009_WC10,11
Miselli_Astragalus_toquimanus_P008_WC08,NA
Miselli_Astragalus_umbraticus_P008_WE03,NA
Mollissimi_Astragalus_nutriosensis_P065_WD01,NA
Monoenses_Astragalus_monoensis_P065_WC07,11
Monoenses_Astragalus_perianus_P072_WF07,NA
Monoenses_Astragalus_pulsiferae_P009_WF02,NA
Monoenses_Astragalus_tiehmii_P008_WE06,NA
Neglecti_Astragalus_neglectus_P065_WB08,11
Neonix_Astragalus_mulfordiae_P068_WA11,NA
Neonix_Astragalus_peckii_P071_WD01,NA
Neonix_Astragalus_yoder-williamsii_P065_WH07,NA
Neviniani_Astragalus_nevinii_P111_WH03,NA
Neviniani_Astragalus_traskiae_P111_WD09,NA
Nudi_Astragalus_serenoi_P010_WA08,11
Ocreati_Astragalus_flavus_P029_WA04,NA
Ocreati_Astragalus_moencoppensis_P066_WA12,NA
Ocreati_Astragalus_sophoroides_P009_WC11,NA
Onobrychis_conferta_P030_WG06,8
Oocalyces_Astragalus_oocalycis_P065_WG03,12
Oroboidei_Astragalus_eucosmus_P074_WD06,8
GF_Epiglottis_Astragalus_epiglottis_P014_WD04,8
Oxytropis_adamsiana,16
Oxytropis_albana,NA
Oxytropis_arctica,48
Oxytropis_aspera,NA
Oxytropis_aucheri,NA
Oxytropis_bella,NA
Oxytropis_besseyi,8
Oxytropis_bicolor,NA
Oxytropis_campanulata,16
Oxytropis_campestris,24
Oxytropis_chionobia,NA
Oxytropis_ciliata,NA
Oxytropis_czukotica,16
Oxytropis_deflexa,8
Oxytropis_eriocarpa,8
Oxytropis_exserta,8
Oxytropis_falcata,NA
Oxytropis_grandiflora,16
Oxytropis_hirta,8
Oxytropis_humifusa,NA
Oxytropis_immersa,NA
Oxytropis_jacquinii,NA
Oxytropis_jonesii,NA
Oxytropis_jordalii,16
Oxytropis_kansuensis,NA
Oxytropis_kobukensis,40
Oxytropis_koyukukensis,24
Oxytropis_lagopus,NA
Oxytropis_lambertii,24
Oxytropis_lapponica,8
Oxytropis_macrocarpa,NA
Oxytropis_maydelliana,48
Oxytropis_melanocalyx,NA
Oxytropis_mertensiana,8
Oxytropis_michelsonii,8
Oxytropis_microphylla,8
Oxytropis_mollis,NA
Oxytropis_multiceps,NA
Oxytropis_nana,NA
Oxytropis_neglecta,8
Oxytropis_nigrescens,8
Oxytropis_nutans,NA
Oxytropis_obnapiformis,NA
Oxytropis_ochotensis,32
Oxytropis_ochrocephala,NA
Oxytropis_ochroleuca,NA
Oxytropis_oreophila,NA
Oxytropis_oxyphylloides,8
Oxytropis_parryi,8
Oxytropis_pauciflora,NA
Oxytropis_pilosa,8
Oxytropis_podoloba,NA
Oxytropis_poncinsii,NA
Oxytropis_qinghaiensis,NA
Oxytropis_racemosa,NA
Oxytropis_recognita,NA
Oxytropis_riparia,8
Oxytropis_roseiformis,NA
Oxytropis_savellanica,8
Oxytropis_scammaniana,16
Oxytropis_sericea,24
Oxytropis_splendens,8
Oxytropis_squammulosa,8
Oxytropis_strobilacea,8
Oxytropis_talassica,NA
Oxytropis_taochensis,NA
Oxytropis_tianschanica,8
Oxytropis_vassilievii,NA
Oxytropis_viscida,8
Oxytropis_williamsii,NA
Oxytropis_yunnanensis,12
Pachyphyllus_Astragalus_asclepiadoides_P066_WF07,NA
Pachypodes_Astragalus_pachypus_P066_WF08,11
Panamintenses_Astragalus_panamintensis_P065_WH08,NA
Pectinati_Astragalus_grayi_P072_WH06,22
Pectinati_Astragalus_linifolius_P068_WC11,NA
Pectinati_Astragalus_nelsonianus_P067_WF06,NA
Pectinati_Astragalus_osterhoutii_P065_WC03,NA
Pectinati_Astragalus_pectinatus_P028_WF08,11
Pectinati_Astragalus_rafaelensis_P009_WE06,NA
Pectinati_Astragalus_saurinus_P009_WB02,NA
Pectinati_Astragalus_toanus_P008_WC06,NA
Phyllolobium_donianum_P009_WF08,NA
Phyllolobium_tribulifolium_P005_WB05,NA
Phylollobium_balfourianum_P013_WD09,NA
Phylollobium_balfourianum_P075_WD04,NA
Phylollobium_tribulifolium_P117_WC12,8
Platytropides_Astragalus_amblytropis_P066_WE08,NA
Platytropides_Astragalus_amnis-amissi_P069_WD01,12
Platytropides_Astragalus_platytropis_P009_WF01,NA
Podlechiella_vogelii_P014_WC12,8
Astragalus_hosackioides_P074_WF03,NA
Podosclerocarpi_Astragalus_sinuatus_P009_WD02,11
Podosclerocarpi_Astragalus_speirocarpus_P009_WE09,11
Polares_Astragalus_bodinii_P066_WB07,16
Polares_Astragalus_polaris_P063_WE12,12
Porrecti_Astragalus_porrectus_P074_WD07,NA
Preussiani_Astragalus_crotalariae_P028_WE10,12
Preussiani_Astragalus_debequaeus_P072_WE10,NA
Preussiani_Astragalus_eastwoodiae_P075_WE11,NA
Preussiani_Astragalus_iselyi_P073_WG10,NA
Preussiani_Astragalus_mokiacensis_P066_WB12,NA
Preussiani_Astragalus_praelongus_P073_WE05,12
Preussiani_Astragalus_preussii_P009_WB03,NA
Preussiani_Astragalus_sabulosus_P009_WD12,13
Pruniformes_Astragalus_accidens_P026_WA11,13
Pterocarpi_Astragalus_casei_P026_WA02,NA
Pterocarpi_Astragalus_pterocarpus_P073_WE06,NA
Pterocarpi_Astragalus_tetrapterus_P008_WF11,NA
Reventi-arrecti_Astragalus_ackermanii_P064_WF07,NA
Reventi-arrecti_Astragalus_adanus_P067_WH11,NA
Reventi-arrecti_Astragalus_atropubescens_P065_WE10,11
Reventi-arrecti_Astragalus_eremiticus_P029_WA06,11
Reventi-arrecti_Astragalus_obscurus_P065_WB11,NA
Reventi-arrecti_Astragalus_orcuttianus_P026_WA12,NA
Reventi-arrecti_Astragalus_remotus_P117_WE01,NA
Reventi-arrecti_Astragalus_reventus_P009_WD06,NA
Reventi-arrecti_Astragalus_scaphoides_P114_WB12,NA
Reventi-arrecti_Astragalus_sheldonii_P008_WH08,12
Reventi-arrecti_Astragalus_terminalis_P111_WH12,NA
S.Am._Astragalus_amatus_P045_WH05,13
S.Am._Astragalus_arequipensis_P045_WH10,12
S.Am._Astragalus_arnottianus_P067_WF04,13
S.Am._Astragalus_bellus_P026_WB12,11
S.Am._Astragalus_bergii_P076_WB02,13
S.Am._Astragalus_berteri_P065_WH05,8
S.Am._Astragalus_berterianus_P045_WH09,NA
S.Am._Astragalus_brackenridgei_P066_WC09,NA
S.Am._Astragalus_burkartii_P066_WA02,12
S.Am._Astragalus_bustillosii_P006_WG03,NA
S.Am._Astragalus_chamissonis_P006_WF10,NA
S.Am._Astragalus_chubutensis_P065_WC08,NA
S.Am._Astragalus_cochabambensis_P065_WB07,NA
S.Am._Astragalus_coquimbensis_P046_WA01,NA
S.Am._Astragalus_cruckshanksii_P006_WH02,14
S.Am._Astragalus_crymophilus_P070_WB11,NA
S.Am._Astragalus_cryptanthus_P006_WG05,NA
S.Am._Astragalus_curvicaulis_P066_WG10,11
S.Am._Astragalus_darumbium_P040_WC01,11
S.Am._Astragalus_dodtii_P031_WG10,NA
S.Am._Astragalus_garbancillo_P019_WC11,13
S.Am._Astragalus_geminiflorus_P065_WG01,14
S.Am._Astragalus_illinii_P065_WF04,14
S.Am._Astragalus_limariensis_P006_WG07,11
S.Am._Astragalus_looseri_P070_WH01,NA
S.Am._Astragalus_micranthellus_P046_WA05,13
S.Am._Astragalus_minimus_P065_WA03,13
S.Am._Astragalus_minutissimus_P040_WC08,NA
S.Am._Astragalus_monticola_P006_WE07,NA
S.Am._Astragalus_neuquenensis_P072_WB05,14
S.Am._Astragalus_nivicola_P066_WB11,NA
S.Am._Astragalus_nudus_P006_WF03,NA
S.Am._Astragalus_palenae_P065_WB05,13
S.Am._Astragalus_paposanus_P046_WA06,11
S.Am._Astragalus_peruvianus_P074_WC05,11
S.Am._Astragalus_pickeringii_P072_WD12,NA
S.Am._Astragalus_pissisi_P040_WE09,NA
S.Am._Astragalus_pusillus_P009_WC07,NA
S.Am._Astragalus_richii_P009_WC03,NA
S.Am._Astragalus_romasanus_P026_WA06,NA
S.Am._Astragalus_sanctae-crucis_P009_WC09,NA
S.Am._Astragalus_sprucei_P009_WC05,NA
S.Am._Astragalus_tarijensis_P009_WC04,13
S.Am._Astragalus_triflorus_P007_WF11,NA
S.Am._Astragalus_uniflorus_P009_WC02,NA
S.Am._Astragalus_valerianensis_P009_WE03,NA
S.Am._Astragalus_verticillatus_P006_WG04,NA
S.Am._Astragalus_vesiculosus_P074_WA04,13
S.Am._Astragalus_weberbaueri_P009_WG08,NA
S.Am._Astragalus_weddellianus_P009_WG10,NA
S.Am._Inflati_Astragalus_gruinus_P026_WA07,11
Sarcocarpi_Astragalus_bibullatus_P026_WA10,NA
Sarcocarpi_Astragalus_crassicarpus_P028_WA05,11
Sarcocarpi_Astragalus_gypsodes_P073_WA04,12
Sarcocarpi_Astragalus_plattensis_P028_WE07,NA
Sarcocarpi_Astragalus_sanguineus_P026_WB11,NA
Scaposi_Astragalus_calycosus_P074_WG07,11
Scutanei_Astragalus_brazoensis_P066_WG01,NA
Scutanei_Astragalus_scutaneus_P026_WA04,NA
Scytocarpi_Astragalus_flexuosus_P072_WB08,11
Scytocarpi_Astragalus_fucatus_P072_WH02,11
Scytocarpi_Astragalus_gracilis_P073_WF08,NA
Scytocarpi_Astragalus_hallii_P073_WA02,11
Scytocarpi_Astragalus_pictiformis_P071_WD04,22
Scytocarpi_Astragalus_proximus_P074_WD05,11
Scytocarpi_Astragalus_puniceus_P073_WB01,11
Scytocarpi_Astragalus_shevockii_P008_WH06,NA
Scytocarpi_Astragalus_subcinereus_P073_WH04,NA
Scytocarpi_Astragalus_wingatanus_P007_WG06,11
Scytocarpi_Uliginosi_Astragalus_castetteri_P069_WF02,11
Smirnowia_turkestana_P103_WF11,8
Solitarii_Astragalus_alvordensis_P066_WE12,NA
Solitarii_Astragalus_solitarius_P009_WD01,NA
Sphaerophysa_salsula_P023_WG07,8
Strigulosi_Astragalus_altus_P076_WA12,11
Strigulosi_Astragalus_cobrensis_P072_WD05,11
Strigulosi_Astragalus_egglestonii_P075_WE10,11
Strigulosi_Astragalus_guatemalensis_P026_WB05,15
Strigulosi_Astragalus_hidalgensis_P026_WB08,NA
Strigulosi_Astragalus_jaliscensis_P018_WH06,NA
Strigulosi_Astragalus_longissimus_P026_WC04,11
Strigulosi_Astragalus_micranthus_P026_WB06,NA
Strigulosi_Astragalus_pennellianus_P026_WC01,NA
Strigulosi_Astragalus_recurvus_P009_WD08,11
Strigulosi_Astragalus_rusbyi_P010_WB01,11
Strigulosi_Astragalus_tolucanus_P026_WB04,NA
Succumbentes_Astragalus_succumbens_P009_WE04,12
Sutherlandia_microphylla_P024_WD09,NA
Swainsona_formosa_P010_WG10,8
Tiopsidei_Astragalus_scopulorum_P009_WB09,11
Tragacantha_angarensis_P100_WD02,NA
Trichopodi_Astragalus_asymmetricus_P111_WH11,11
Trichopodi_Astragalus_oxyphysopsis_P026_WA07,NA
Trichopodi_Astragalus_trichopodus_P026_WD12,11
Tweedyani_Astragalus_tweedyi_P007_WH02,NA
Uliginosi_Astragalus_canadensis_P028_WA06,8
Uliginosi_Astragalus_oreganus_P075_WD12,NA
Neo_unranked_Astragalus_applegatii_P066_WF02,NA
Neo_unranked_Astragalus_austinae_P070_WA03,NA
Villosi_Astragalus_distortus_P028_WE12,NA
Villosi_Astragalus_obcordatus_P029_WC04,NA
Villosi_Astragalus_soxmaniorum_P029_WA07,NA
Villosi_Astragalus_villosus_P028_WE09,NA
Wisteria_sinensis_P077_WG05,8
Woodruffiani_Astragalus_woodruffii_P007_WG05,NA